account_id,user_account_full_name,user_account_email,user_account_institution,user_account_orcid,user_private_key,user_public_key
agitated_bartik@test,Agitated Bartik,agitated_bartik@email.com,Pak-AIMS (American Institute of Management Sciences),6761-5714-3845-X,b'c7e6254dec78949adb31c86d3fdbc9415621af9f292081d3a455b1ffa756c430',8520e544b0afb0708e5b2a591f5ea01a5bf6c5720bcea6a4c1c7f0f138a4f164
xenodochial_pare@test,Xenodochial Pare,xenodochial_pare@email.com,Anambra State University of Science and Technology,1258-2042-9603-X,b'cdbc2f82e25d1c8ab98301952bfa5cfcf666715de0f14bd07e5856e3fde9d10a',a493bc707659b07ef36d06ea2ce625b1e9027674ef87f020dda6c804d97f7d7f
silly_lederberg@test,Silly Lederberg,silly_lederberg@email.com,Instituto Politécnico de Castelo Branco,1320-0340-5590-X,b'8b506493c65427cbdd7cce02d41ffada0079b57372f191b1f5a179dd613ac5cf',dca5fef0934da6757dc3c438d2ce1e7eef7f789e69f05cfa46b7b0b8d27713f1
elegant_cabrera@test,Elegant Cabrera,elegant_cabrera@email.com,Franklin College Switzerland,3144-6809-9103-X,b'4105b2d773a48e7e00ca10d87ed92519aafb0baf16fbbe96bc200926b54f409e',611154c9847a3f4181fe7d9d84f7482752fc2aa7f9534267ac26cad5da11c34a
jolly_murdock@test,Jolly Murdock,jolly_murdock@email.com,Universidad Autónoma de Tamaulipas,1054-0504-8127-X,b'39ca4fe5723186e14efe1698df1984e2cf8e9c5583fe2038d978c7b79cc079a1',4775ceb8e41e4ef8e950cf7fef5237c9e8124aeff3c020a6a6b831481417a008
nervous_hamilton@test,Nervous Hamilton,nervous_hamilton@email.com,New England School of Communications,9942-4174-3274-X,b'5d5fcd80a8b3977d1cb02433b874cb609648066c965d5bbfe2dd3b4136bb5e8b',fc2ca7b40caa99805ba78a143a37caf912ed4b8cb633ff82fd698ea866c95e67
lucid_morse@test,Lucid Morse,lucid_morse@email.com,University of Reading,7676-1729-1844-X,b'3b5ac67ec745fbd3d26bca1843ee7a42104c03f041c3be5cefd2e03cc0258df2',a8391a29c26146dc51b8046bc81f3e5cd3361109fd4bc2abbf9090436ed45090
competent_morse@test,Competent Morse,competent_morse@email.com,Universidad de Monterrey,0573-7863-2199-X,b'111ea79bc2ab58a393a873db83a9da2992796c1bc1197f2b8b1f310370f510d5',f18429446420d9474fff62588760ed1dec67d091ed3a7e7300259810f3aab12a
keen_goldstine@test,Keen Goldstine,keen_goldstine@email.com,Institut Supérieur d'Agriculture Lille,7730-6274-9709-X,b'012d5a72ddcadeddeeef0f52e5ea9606e5f082acbf0b4a04b77a2ee78fe5a7ac',847ad7908d90b83588cf6478433c5a2c099560cd27bc087bb432696b37298993
gifted_grothendieck@test,Gifted Grothendieck,gifted_grothendieck@email.com,Illinois Institute of Technology,8082-9773-0955-X,b'338c87e0c474b332dc210299f013f8db9390ed07a648921ef7f1211280e5fa50',0d7a52b567b57e1755f3a928cc2dceeffe90b54a29e73b796f331073208e60c8
vigorous_khayyam@test,Vigorous Khayyam,vigorous_khayyam@email.com,Daniel Webster College,5575-3697-5104-X,b'abee112bad494be2fca048fd429d98a6daf0ad90880871eaacf9e9f13956abf1',d5c256be4494697650c3807e85de3805a056f7b5f8cb8d53d46349d3734b48cd
boring_payne@test,Boring Payne,boring_payne@email.com,Universidad Autónoma Metropolitana,3026-7817-9920-X,b'd784ba8aabf035e7d22e487c3d044f6bf058684fd26551c3278717bd9da603cf',9394cbf6a1b5ddd52563f1fe360980bbeb71c0d0c82b7413c042cfceb0990b64
intelligent_blackwell@test,Intelligent Blackwell,intelligent_blackwell@email.com,Lander University,5964-7691-9294-X,b'49f6afce0397449b099bcfd20d975f0dee503f2152ab9fd10803de43e839cec6',0d548d58b555bf536532b7ac69e0af6166973b2f8d52026d07adc451939d385b
clever_pike@test,Clever Pike,clever_pike@email.com,Oklahoma State University,9433-9845-8963-X,b'3f75fa00ed6509f7316e3cd28accef2745d867c12788dfcce314b6f1d410e45a',6799e6804bec84ed51e28c19db1d3ce47de36b6c970c34f98fd8235650240974
sharp_ptolemy@test,Sharp Ptolemy,sharp_ptolemy@email.com,University of Montana Western,3513-4109-9825-X,b'e829e39863b2002e49402b16209349bb13d9906f23ca4b1d641a9b0b7e70f7ca',402ae7f14346dd0c9a15da1bc43d90a471fb5b4a99cc7e3d6f7492b9dfb767e1
recursing_panini@test,Recursing Panini,recursing_panini@email.com,Science University of Tokyo in Yamaguchi,2160-8983-6717-X,b'da8b8d577d6833193641bb523e234688803a53a2f0b3fbb423241bdb8a8548d2',4fb5a5460c5fbb750bcc857f30a0b881670c63288f1beb00a6f510fdf8c4c2e6
elegant_pike@test,Elegant Pike,elegant_pike@email.com,Al-Wataniya Private University,8074-5283-8494-X,b'98717e7ca5bd868a61da1c1245b1089e7bd526b77741de059c9873de30ba2a70',f6dbe04be1d1b54aa74a9769c3ae8996208c97ca9d80b60f22b24b3a34b3903f
priceless_babbage@test,Priceless Babbage,priceless_babbage@email.com,Erasmushogeschool Brussel,6851-5211-1192-X,b'698935ed140ae58e786644a3179a379257f358b222a5e91221c66e34d13f1fd9',ec7c75255f24edf08995b292225c974ae74e15d259cdb768cb4d234e19b8f89c
compassionate_poitras@test,Compassionate Poitras,compassionate_poitras@email.com,"Rutgers, The State University of New Jersey - Newark",5649-8586-3043-X,b'a2effdb87b15ffe8bbe7521e0de4c5c9f1f982d89aa7a39c0d9bcee466c1ce74',05f524ab8fd7c837040ab1eee9c6f8a4af1e45cb45b8af2c8d3ea74cf1bb1f13
boring_lewin@test,Boring Lewin,boring_lewin@email.com,Ludwik Solski State Academy of Theatre in Cracow,9248-8558-3658-X,b'49fa3696a5aa511d2594a8d9ebf04d0a286d2bb614688abf89ec16f5d4bccc4c',2dfe88b2968625ffc7271dcec132b8285d2795fca3cff70010d7e7945e7c5acf
condescending_pasteur@test,Condescending Pasteur,condescending_pasteur@email.com,Universidad Nacional de Mar del Plata,8252-3251-7000-X,b'4aaff688bd2f36806023ef20cfa22c749450cb81f1e1f0a3aa407bcf05e8019a',dcc7092e9120e5a12187ee8967d680cbd2c944fb4844e083ed0bb988d352f14a
agitated_bartik@test,Agitated Bartik,agitated_bartik@email.com,Pak-AIMS (American Institute of Management Sciences),6761-5714-3845-X,b'c7e6254dec78949adb31c86d3fdbc9415621af9f292081d3a455b1ffa756c430',8520e544b0afb0708e5b2a591f5ea01a5bf6c5720bcea6a4c1c7f0f138a4f164,done
xenodochial_pare@test,Xenodochial Pare,xenodochial_pare@email.com,Anambra State University of Science and Technology,1258-2042-9603-X,b'cdbc2f82e25d1c8ab98301952bfa5cfcf666715de0f14bd07e5856e3fde9d10a',a493bc707659b07ef36d06ea2ce625b1e9027674ef87f020dda6c804d97f7d7f,done
silly_lederberg@test,Silly Lederberg,silly_lederberg@email.com,Instituto Politécnico de Castelo Branco,1320-0340-5590-X,b'8b506493c65427cbdd7cce02d41ffada0079b57372f191b1f5a179dd613ac5cf',dca5fef0934da6757dc3c438d2ce1e7eef7f789e69f05cfa46b7b0b8d27713f1,done
elegant_cabrera@test,Elegant Cabrera,elegant_cabrera@email.com,Franklin College Switzerland,3144-6809-9103-X,b'4105b2d773a48e7e00ca10d87ed92519aafb0baf16fbbe96bc200926b54f409e',611154c9847a3f4181fe7d9d84f7482752fc2aa7f9534267ac26cad5da11c34a,done
jolly_murdock@test,Jolly Murdock,jolly_murdock@email.com,Universidad Autónoma de Tamaulipas,1054-0504-8127-X,b'39ca4fe5723186e14efe1698df1984e2cf8e9c5583fe2038d978c7b79cc079a1',4775ceb8e41e4ef8e950cf7fef5237c9e8124aeff3c020a6a6b831481417a008,done
nervous_hamilton@test,Nervous Hamilton,nervous_hamilton@email.com,New England School of Communications,9942-4174-3274-X,b'5d5fcd80a8b3977d1cb02433b874cb609648066c965d5bbfe2dd3b4136bb5e8b',fc2ca7b40caa99805ba78a143a37caf912ed4b8cb633ff82fd698ea866c95e67,done
lucid_morse@test,Lucid Morse,lucid_morse@email.com,University of Reading,7676-1729-1844-X,b'3b5ac67ec745fbd3d26bca1843ee7a42104c03f041c3be5cefd2e03cc0258df2',a8391a29c26146dc51b8046bc81f3e5cd3361109fd4bc2abbf9090436ed45090,done
competent_morse@test,Competent Morse,competent_morse@email.com,Universidad de Monterrey,0573-7863-2199-X,b'111ea79bc2ab58a393a873db83a9da2992796c1bc1197f2b8b1f310370f510d5',f18429446420d9474fff62588760ed1dec67d091ed3a7e7300259810f3aab12a,done
keen_goldstine@test,Keen Goldstine,keen_goldstine@email.com,Institut Supérieur d'Agriculture Lille,7730-6274-9709-X,b'012d5a72ddcadeddeeef0f52e5ea9606e5f082acbf0b4a04b77a2ee78fe5a7ac',847ad7908d90b83588cf6478433c5a2c099560cd27bc087bb432696b37298993,done
gifted_grothendieck@test,Gifted Grothendieck,gifted_grothendieck@email.com,Illinois Institute of Technology,8082-9773-0955-X,b'338c87e0c474b332dc210299f013f8db9390ed07a648921ef7f1211280e5fa50',0d7a52b567b57e1755f3a928cc2dceeffe90b54a29e73b796f331073208e60c8,done
vigorous_khayyam@test,Vigorous Khayyam,vigorous_khayyam@email.com,Daniel Webster College,5575-3697-5104-X,b'abee112bad494be2fca048fd429d98a6daf0ad90880871eaacf9e9f13956abf1',d5c256be4494697650c3807e85de3805a056f7b5f8cb8d53d46349d3734b48cd,done
boring_payne@test,Boring Payne,boring_payne@email.com,Universidad Autónoma Metropolitana,3026-7817-9920-X,b'd784ba8aabf035e7d22e487c3d044f6bf058684fd26551c3278717bd9da603cf',9394cbf6a1b5ddd52563f1fe360980bbeb71c0d0c82b7413c042cfceb0990b64,done
intelligent_blackwell@test,Intelligent Blackwell,intelligent_blackwell@email.com,Lander University,5964-7691-9294-X,b'49f6afce0397449b099bcfd20d975f0dee503f2152ab9fd10803de43e839cec6',0d548d58b555bf536532b7ac69e0af6166973b2f8d52026d07adc451939d385b,done
clever_pike@test,Clever Pike,clever_pike@email.com,Oklahoma State University,9433-9845-8963-X,b'3f75fa00ed6509f7316e3cd28accef2745d867c12788dfcce314b6f1d410e45a',6799e6804bec84ed51e28c19db1d3ce47de36b6c970c34f98fd8235650240974,done
sharp_ptolemy@test,Sharp Ptolemy,sharp_ptolemy@email.com,University of Montana Western,3513-4109-9825-X,b'e829e39863b2002e49402b16209349bb13d9906f23ca4b1d641a9b0b7e70f7ca',402ae7f14346dd0c9a15da1bc43d90a471fb5b4a99cc7e3d6f7492b9dfb767e1,done
recursing_panini@test,Recursing Panini,recursing_panini@email.com,Science University of Tokyo in Yamaguchi,2160-8983-6717-X,b'da8b8d577d6833193641bb523e234688803a53a2f0b3fbb423241bdb8a8548d2',4fb5a5460c5fbb750bcc857f30a0b881670c63288f1beb00a6f510fdf8c4c2e6,done
elegant_pike@test,Elegant Pike,elegant_pike@email.com,Al-Wataniya Private University,8074-5283-8494-X,b'98717e7ca5bd868a61da1c1245b1089e7bd526b77741de059c9873de30ba2a70',f6dbe04be1d1b54aa74a9769c3ae8996208c97ca9d80b60f22b24b3a34b3903f,done
priceless_babbage@test,Priceless Babbage,priceless_babbage@email.com,Erasmushogeschool Brussel,6851-5211-1192-X,b'698935ed140ae58e786644a3179a379257f358b222a5e91221c66e34d13f1fd9',ec7c75255f24edf08995b292225c974ae74e15d259cdb768cb4d234e19b8f89c,done
compassionate_poitras@test,Compassionate Poitras,compassionate_poitras@email.com,Rutgers, The State University of New Jersey - Newark,5649-8586-3043-X,b'a2effdb87b15ffe8bbe7521e0de4c5c9f1f982d89aa7a39c0d9bcee466c1ce74',05f524ab8fd7c837040ab1eee9c6f8a4af1e45cb45b8af2c8d3ea74cf1bb1f13,done
boring_lewin@test,Boring Lewin,boring_lewin@email.com,Ludwik Solski State Academy of Theatre in Cracow,9248-8558-3658-X,b'49fa3696a5aa511d2594a8d9ebf04d0a286d2bb614688abf89ec16f5d4bccc4c',2dfe88b2968625ffc7271dcec132b8285d2795fca3cff70010d7e7945e7c5acf,done
condescending_pasteur@test,Condescending Pasteur,condescending_pasteur@email.com,Universidad Nacional de Mar del Plata,8252-3251-7000-X,b'4aaff688bd2f36806023ef20cfa22c749450cb81f1e1f0a3aa407bcf05e8019a',dcc7092e9120e5a12187ee8967d680cbd2c944fb4844e083ed0bb988d352f14a,done
agitated_bartik@test,Agitated Bartik,agitated_bartik@email.com,Pak-AIMS (American Institute of Management Sciences),6761-5714-3845-X,b'c7e6254dec78949adb31c86d3fdbc9415621af9f292081d3a455b1ffa756c430',8520e544b0afb0708e5b2a591f5ea01a5bf6c5720bcea6a4c1c7f0f138a4f164,done
xenodochial_pare@test,Xenodochial Pare,xenodochial_pare@email.com,Anambra State University of Science and Technology,1258-2042-9603-X,b'cdbc2f82e25d1c8ab98301952bfa5cfcf666715de0f14bd07e5856e3fde9d10a',a493bc707659b07ef36d06ea2ce625b1e9027674ef87f020dda6c804d97f7d7f,done
silly_lederberg@test,Silly Lederberg,silly_lederberg@email.com,Instituto Politécnico de Castelo Branco,1320-0340-5590-X,b'8b506493c65427cbdd7cce02d41ffada0079b57372f191b1f5a179dd613ac5cf',dca5fef0934da6757dc3c438d2ce1e7eef7f789e69f05cfa46b7b0b8d27713f1,done
elegant_cabrera@test,Elegant Cabrera,elegant_cabrera@email.com,Franklin College Switzerland,3144-6809-9103-X,b'4105b2d773a48e7e00ca10d87ed92519aafb0baf16fbbe96bc200926b54f409e',611154c9847a3f4181fe7d9d84f7482752fc2aa7f9534267ac26cad5da11c34a,done
jolly_murdock@test,Jolly Murdock,jolly_murdock@email.com,Universidad Autónoma de Tamaulipas,1054-0504-8127-X,b'39ca4fe5723186e14efe1698df1984e2cf8e9c5583fe2038d978c7b79cc079a1',4775ceb8e41e4ef8e950cf7fef5237c9e8124aeff3c020a6a6b831481417a008,done
nervous_hamilton@test,Nervous Hamilton,nervous_hamilton@email.com,New England School of Communications,9942-4174-3274-X,b'5d5fcd80a8b3977d1cb02433b874cb609648066c965d5bbfe2dd3b4136bb5e8b',fc2ca7b40caa99805ba78a143a37caf912ed4b8cb633ff82fd698ea866c95e67,done
lucid_morse@test,Lucid Morse,lucid_morse@email.com,University of Reading,7676-1729-1844-X,b'3b5ac67ec745fbd3d26bca1843ee7a42104c03f041c3be5cefd2e03cc0258df2',a8391a29c26146dc51b8046bc81f3e5cd3361109fd4bc2abbf9090436ed45090,done
competent_morse@test,Competent Morse,competent_morse@email.com,Universidad de Monterrey,0573-7863-2199-X,b'111ea79bc2ab58a393a873db83a9da2992796c1bc1197f2b8b1f310370f510d5',f18429446420d9474fff62588760ed1dec67d091ed3a7e7300259810f3aab12a,done
keen_goldstine@test,Keen Goldstine,keen_goldstine@email.com,Institut Supérieur d'Agriculture Lille,7730-6274-9709-X,b'012d5a72ddcadeddeeef0f52e5ea9606e5f082acbf0b4a04b77a2ee78fe5a7ac',847ad7908d90b83588cf6478433c5a2c099560cd27bc087bb432696b37298993,done
gifted_grothendieck@test,Gifted Grothendieck,gifted_grothendieck@email.com,Illinois Institute of Technology,8082-9773-0955-X,b'338c87e0c474b332dc210299f013f8db9390ed07a648921ef7f1211280e5fa50',0d7a52b567b57e1755f3a928cc2dceeffe90b54a29e73b796f331073208e60c8,done
vigorous_khayyam@test,Vigorous Khayyam,vigorous_khayyam@email.com,Daniel Webster College,5575-3697-5104-X,b'abee112bad494be2fca048fd429d98a6daf0ad90880871eaacf9e9f13956abf1',d5c256be4494697650c3807e85de3805a056f7b5f8cb8d53d46349d3734b48cd,done
boring_payne@test,Boring Payne,boring_payne@email.com,Universidad Autónoma Metropolitana,3026-7817-9920-X,b'd784ba8aabf035e7d22e487c3d044f6bf058684fd26551c3278717bd9da603cf',9394cbf6a1b5ddd52563f1fe360980bbeb71c0d0c82b7413c042cfceb0990b64,done
intelligent_blackwell@test,Intelligent Blackwell,intelligent_blackwell@email.com,Lander University,5964-7691-9294-X,b'49f6afce0397449b099bcfd20d975f0dee503f2152ab9fd10803de43e839cec6',0d548d58b555bf536532b7ac69e0af6166973b2f8d52026d07adc451939d385b,done
clever_pike@test,Clever Pike,clever_pike@email.com,Oklahoma State University,9433-9845-8963-X,b'3f75fa00ed6509f7316e3cd28accef2745d867c12788dfcce314b6f1d410e45a',6799e6804bec84ed51e28c19db1d3ce47de36b6c970c34f98fd8235650240974,done
sharp_ptolemy@test,Sharp Ptolemy,sharp_ptolemy@email.com,University of Montana Western,3513-4109-9825-X,b'e829e39863b2002e49402b16209349bb13d9906f23ca4b1d641a9b0b7e70f7ca',402ae7f14346dd0c9a15da1bc43d90a471fb5b4a99cc7e3d6f7492b9dfb767e1,done
recursing_panini@test,Recursing Panini,recursing_panini@email.com,Science University of Tokyo in Yamaguchi,2160-8983-6717-X,b'da8b8d577d6833193641bb523e234688803a53a2f0b3fbb423241bdb8a8548d2',4fb5a5460c5fbb750bcc857f30a0b881670c63288f1beb00a6f510fdf8c4c2e6,done
elegant_pike@test,Elegant Pike,elegant_pike@email.com,Al-Wataniya Private University,8074-5283-8494-X,b'98717e7ca5bd868a61da1c1245b1089e7bd526b77741de059c9873de30ba2a70',f6dbe04be1d1b54aa74a9769c3ae8996208c97ca9d80b60f22b24b3a34b3903f,done
priceless_babbage@test,Priceless Babbage,priceless_babbage@email.com,Erasmushogeschool Brussel,6851-5211-1192-X,b'698935ed140ae58e786644a3179a379257f358b222a5e91221c66e34d13f1fd9',ec7c75255f24edf08995b292225c974ae74e15d259cdb768cb4d234e19b8f89c,done
compassionate_poitras@test,Compassionate Poitras,compassionate_poitras@email.com,Rutgers, The State University of New Jersey - Newark,5649-8586-3043-X,b'a2effdb87b15ffe8bbe7521e0de4c5c9f1f982d89aa7a39c0d9bcee466c1ce74',05f524ab8fd7c837040ab1eee9c6f8a4af1e45cb45b8af2c8d3ea74cf1bb1f13,done
boring_lewin@test,Boring Lewin,boring_lewin@email.com,Ludwik Solski State Academy of Theatre in Cracow,9248-8558-3658-X,b'49fa3696a5aa511d2594a8d9ebf04d0a286d2bb614688abf89ec16f5d4bccc4c',2dfe88b2968625ffc7271dcec132b8285d2795fca3cff70010d7e7945e7c5acf,done
condescending_pasteur@test,Condescending Pasteur,condescending_pasteur@email.com,Universidad Nacional de Mar del Plata,8252-3251-7000-X,b'4aaff688bd2f36806023ef20cfa22c749450cb81f1e1f0a3aa407bcf05e8019a',dcc7092e9120e5a12187ee8967d680cbd2c944fb4844e083ed0bb988d352f14a,done
agitated_bartik@test,Agitated Bartik,agitated_bartik@email.com,Pak-AIMS (American Institute of Management Sciences),6761-5714-3845-X,b'c7e6254dec78949adb31c86d3fdbc9415621af9f292081d3a455b1ffa756c430',8520e544b0afb0708e5b2a591f5ea01a5bf6c5720bcea6a4c1c7f0f138a4f164,done
xenodochial_pare@test,Xenodochial Pare,xenodochial_pare@email.com,Anambra State University of Science and Technology,1258-2042-9603-X,b'cdbc2f82e25d1c8ab98301952bfa5cfcf666715de0f14bd07e5856e3fde9d10a',a493bc707659b07ef36d06ea2ce625b1e9027674ef87f020dda6c804d97f7d7f,done
silly_lederberg@test,Silly Lederberg,silly_lederberg@email.com,Instituto Politécnico de Castelo Branco,1320-0340-5590-X,b'8b506493c65427cbdd7cce02d41ffada0079b57372f191b1f5a179dd613ac5cf',dca5fef0934da6757dc3c438d2ce1e7eef7f789e69f05cfa46b7b0b8d27713f1,done
elegant_cabrera@test,Elegant Cabrera,elegant_cabrera@email.com,Franklin College Switzerland,3144-6809-9103-X,b'4105b2d773a48e7e00ca10d87ed92519aafb0baf16fbbe96bc200926b54f409e',611154c9847a3f4181fe7d9d84f7482752fc2aa7f9534267ac26cad5da11c34a,done
jolly_murdock@test,Jolly Murdock,jolly_murdock@email.com,Universidad Autónoma de Tamaulipas,1054-0504-8127-X,b'39ca4fe5723186e14efe1698df1984e2cf8e9c5583fe2038d978c7b79cc079a1',4775ceb8e41e4ef8e950cf7fef5237c9e8124aeff3c020a6a6b831481417a008,done
nervous_hamilton@test,Nervous Hamilton,nervous_hamilton@email.com,New England School of Communications,9942-4174-3274-X,b'5d5fcd80a8b3977d1cb02433b874cb609648066c965d5bbfe2dd3b4136bb5e8b',fc2ca7b40caa99805ba78a143a37caf912ed4b8cb633ff82fd698ea866c95e67,done
lucid_morse@test,Lucid Morse,lucid_morse@email.com,University of Reading,7676-1729-1844-X,b'3b5ac67ec745fbd3d26bca1843ee7a42104c03f041c3be5cefd2e03cc0258df2',a8391a29c26146dc51b8046bc81f3e5cd3361109fd4bc2abbf9090436ed45090,done
competent_morse@test,Competent Morse,competent_morse@email.com,Universidad de Monterrey,0573-7863-2199-X,b'111ea79bc2ab58a393a873db83a9da2992796c1bc1197f2b8b1f310370f510d5',f18429446420d9474fff62588760ed1dec67d091ed3a7e7300259810f3aab12a,done
keen_goldstine@test,Keen Goldstine,keen_goldstine@email.com,Institut Supérieur d'Agriculture Lille,7730-6274-9709-X,b'012d5a72ddcadeddeeef0f52e5ea9606e5f082acbf0b4a04b77a2ee78fe5a7ac',847ad7908d90b83588cf6478433c5a2c099560cd27bc087bb432696b37298993,done
gifted_grothendieck@test,Gifted Grothendieck,gifted_grothendieck@email.com,Illinois Institute of Technology,8082-9773-0955-X,b'338c87e0c474b332dc210299f013f8db9390ed07a648921ef7f1211280e5fa50',0d7a52b567b57e1755f3a928cc2dceeffe90b54a29e73b796f331073208e60c8,done
vigorous_khayyam@test,Vigorous Khayyam,vigorous_khayyam@email.com,Daniel Webster College,5575-3697-5104-X,b'abee112bad494be2fca048fd429d98a6daf0ad90880871eaacf9e9f13956abf1',d5c256be4494697650c3807e85de3805a056f7b5f8cb8d53d46349d3734b48cd,done
boring_payne@test,Boring Payne,boring_payne@email.com,Universidad Autónoma Metropolitana,3026-7817-9920-X,b'd784ba8aabf035e7d22e487c3d044f6bf058684fd26551c3278717bd9da603cf',9394cbf6a1b5ddd52563f1fe360980bbeb71c0d0c82b7413c042cfceb0990b64,done
intelligent_blackwell@test,Intelligent Blackwell,intelligent_blackwell@email.com,Lander University,5964-7691-9294-X,b'49f6afce0397449b099bcfd20d975f0dee503f2152ab9fd10803de43e839cec6',0d548d58b555bf536532b7ac69e0af6166973b2f8d52026d07adc451939d385b,done
clever_pike@test,Clever Pike,clever_pike@email.com,Oklahoma State University,9433-9845-8963-X,b'3f75fa00ed6509f7316e3cd28accef2745d867c12788dfcce314b6f1d410e45a',6799e6804bec84ed51e28c19db1d3ce47de36b6c970c34f98fd8235650240974,done
sharp_ptolemy@test,Sharp Ptolemy,sharp_ptolemy@email.com,University of Montana Western,3513-4109-9825-X,b'e829e39863b2002e49402b16209349bb13d9906f23ca4b1d641a9b0b7e70f7ca',402ae7f14346dd0c9a15da1bc43d90a471fb5b4a99cc7e3d6f7492b9dfb767e1,done
recursing_panini@test,Recursing Panini,recursing_panini@email.com,Science University of Tokyo in Yamaguchi,2160-8983-6717-X,b'da8b8d577d6833193641bb523e234688803a53a2f0b3fbb423241bdb8a8548d2',4fb5a5460c5fbb750bcc857f30a0b881670c63288f1beb00a6f510fdf8c4c2e6,done
elegant_pike@test,Elegant Pike,elegant_pike@email.com,Al-Wataniya Private University,8074-5283-8494-X,b'98717e7ca5bd868a61da1c1245b1089e7bd526b77741de059c9873de30ba2a70',f6dbe04be1d1b54aa74a9769c3ae8996208c97ca9d80b60f22b24b3a34b3903f,done
priceless_babbage@test,Priceless Babbage,priceless_babbage@email.com,Erasmushogeschool Brussel,6851-5211-1192-X,b'698935ed140ae58e786644a3179a379257f358b222a5e91221c66e34d13f1fd9',ec7c75255f24edf08995b292225c974ae74e15d259cdb768cb4d234e19b8f89c,done
compassionate_poitras@test,Compassionate Poitras,compassionate_poitras@email.com,Rutgers, The State University of New Jersey - Newark,5649-8586-3043-X,b'a2effdb87b15ffe8bbe7521e0de4c5c9f1f982d89aa7a39c0d9bcee466c1ce74',05f524ab8fd7c837040ab1eee9c6f8a4af1e45cb45b8af2c8d3ea74cf1bb1f13,done
boring_lewin@test,Boring Lewin,boring_lewin@email.com,Ludwik Solski State Academy of Theatre in Cracow,9248-8558-3658-X,b'49fa3696a5aa511d2594a8d9ebf04d0a286d2bb614688abf89ec16f5d4bccc4c',2dfe88b2968625ffc7271dcec132b8285d2795fca3cff70010d7e7945e7c5acf,done
condescending_pasteur@test,Condescending Pasteur,condescending_pasteur@email.com,Universidad Nacional de Mar del Plata,8252-3251-7000-X,b'4aaff688bd2f36806023ef20cfa22c749450cb81f1e1f0a3aa407bcf05e8019a',dcc7092e9120e5a12187ee8967d680cbd2c944fb4844e083ed0bb988d352f14a,done
agitated_bartik@test,Agitated Bartik,agitated_bartik@email.com,Pak-AIMS (American Institute of Management Sciences),6761-5714-3845-X,b'c7e6254dec78949adb31c86d3fdbc9415621af9f292081d3a455b1ffa756c430',8520e544b0afb0708e5b2a591f5ea01a5bf6c5720bcea6a4c1c7f0f138a4f164,done
blissful_neumann@test,Blissful Neumann,blissful_neumann@email.com,Centro de Estudios Universitarios Xochicalco,6588-1212-7853-X,b'0f3c10719f88b6c6973c4559fafe9cdefbe62b87c4d39fb73d4d3d773d0bd193',209896e05cd71c7dbc00451adb8860474368bb81951840eb78eddf98c1e6573f
recursing_panini@test,Recursing Panini,recursing_panini@email.com,National Taipei Teachers College,8792-3686-0842-X,b'90b66c20510e3ed759a95e7ec9da7252edc575c0d5a2a78625350fea07b0fd25',d49a3eef329f86842947a7a35b93a1f17ae65557d4a82be5db9bebc3651686ee
trusting_perlman@test,Trusting Perlman,trusting_perlman@email.com,Nangarhar University,3021-9116-6083-X,b'408685f4154f909cc6424c47c03603be56c0abcd3aa1cc4c88829fdac6f4da4b',ca0888dd1e50136f8a5de80219d1aeb052bb96710bec0ecd20d3c51838220bb4
intelligent_mclean@test,Intelligent Mclean,intelligent_mclean@email.com,Osaka College of Music,2237-6144-7422-X,b'94714c870e3b1885963a0343d3792536943aed3f33b0bda791f675b05221f073',19fe379950037fe8cfe34dda575e7c1364f27ed4a54f05c3d4095575de8f137f
gifted_pare@test,Gifted Pare,gifted_pare@email.com,Pomor State University,6256-9259-6751-X,b'2ebb2ccef78142371d94e46b187ea78a1a965fbe6307baa3d840f616e63dca8a',ba104d7af8eb0e1bcb559af5a9c4f41a8d901298be324c1aa1944b6eb58fdd48
jolly_agnesi@test,Jolly Agnesi,jolly_agnesi@email.com,Hyupsung University,4176-9876-6749-X,b'493e736687f5b4c7ce788f4718111f07ebdad02c8b30b3d6994a15bf0c31f3a0',b801eca4e0f38d484f8390b2a0c3f8c18fa2115da32f15f542c74cf624c79f3e
sleepy_neumann@test,Sleepy Neumann,sleepy_neumann@email.com,Hankyong National University,2996-5768-1431-X,b'86ad422252f1bcc5c190008dd4a5cad26ed067654a7b06c07f65f6c22fa51bbf',863cbec73702d798cd3f8051d855b3834883bc2cb92fd2a09aa00cf2732de58c
elegant_raman@test,Elegant Raman,elegant_raman@email.com,Ohio State University - Mansfield,5959-5511-2814-X,b'28939629c7877a79e4b60fd3023c7a37c82bd69480b0e88b84ef592a245867c7',9c4b0544d5ba74c0d9a2554b8c1178a95e0be8adcc19337c5c695c3e68c2068e
crazy_napier@test,Crazy Napier,crazy_napier@email.com,Air University,7772-4867-4342-X,b'3815474736751e609fa7c6fcc3641b7e7b14a0c29ae36e1b445b5276e77c60a0',7281bf8f999ffb430f58c1f1768af5719413ba3b49d2bc2d49543a6f7ce91c11
stoic_chaplygin@test,Stoic Chaplygin,stoic_chaplygin@email.com,Shenkar School of Engineering & Design,0457-2354-9568-X,b'ce691b1300a8a4b658a4de4abfdab2a87b77c0fc2ff1df690a7835aaeae9468b',20f9e7ae615c81a00040a1a6fdf8c432874d9d70ea5b6ce568acfaff7ba1d4b4
musing_northcutt@test,Musing Northcutt,musing_northcutt@email.com,Universidade Vale do Rio dos Sinos,2294-3773-1399-X,b'0f199fd1993b5c7583e06cb509ce53460043ce3f61657e6869a112f27354afbc',95f9e9e2f90f1e4c89a33f8e901494c3fc790abf750a0b48106154a8e043e117
adoring_goldwasser@test,Adoring Goldwasser,adoring_goldwasser@email.com,Campion College,9046-3357-0863-X,b'b37e71f7777d6c1ea616ace66e87600f2e3f23540abb93be5221fa44e8281ab3',f2e46c7959fa828064ffe192afb06db166070dd42d165a9f8b01513fd2a3605b
elegant_morse@test,Elegant Morse,elegant_morse@email.com,Spiru Haret University,2258-9248-5336-X,b'5694a77a745677b61d5d329cc951c7dbc3bc1109100c84538a999b98bd397c04',4f0bdf9a837ecea7bd85502b14846eac83468cc52b2170c50bbd4bcde94fcf7e
infallible_ride@test,Infallible Ride,infallible_ride@email.com,Nile Valley University,1475-9270-3371-X,b'70cd6bacf5da92b1580324df3cdb70f1fafc959dd31e903db66fb5628ab56b9d',148717aaa788efbb4654ea057515217a6d80f249affbe8c1d414130825836738
distracted_feistel@test,Distracted Feistel,distracted_feistel@email.com,Capital University Law School,4086-9438-0481-X,b'38c3cf0b5ac951063a7594e1a86afc12f337c7d26cf29a8474ab09e61e386880',8a4cfb0f4547391991b98dcffcaa99222adc8638c302a3de531ac8dfb9042ee6
pensive_perlman@test,Pensive Perlman,pensive_perlman@email.com,Hongik University,8912-9890-9962-X,b'c8ddd4d949b38cea4f99a30a03772b53f047bab6e6d39a9d8d516a6376c711a8',d88fa81c72ae05005aa6416e2cbcf7f3ba5344f63df30b8e82e75bcaacc4d0cf
hungry_hypatia@test,Hungry Hypatia,hungry_hypatia@email.com,Escuela Colombiana de Ingeniería Julio Garavito,7431-3764-8513-X,b'633ce11eea1dc1396e46f893c16eb131814fcda6f9cd88f96c43f9c59935a149',685c8ae2e06f28c3da8c05c4035e9b367dc634ef9deec318385b13bd767b269a
boring_nash@test,Boring Nash,boring_nash@email.com,Universidade Tiradentes,6375-5674-1378-X,b'56e03ef0c8bdb08e9504553ae9807058c7a58d8b5b021d21112307cd0c6a427d',a26224b509c6ab46fca5318b4b52c3e63eaf5b8d40c644b80514af634918ab67
infallible_goose@test,Infallible Goose,infallible_goose@email.com,Staatlich anerkannte Fachhochschule für Kunsttherapie,8902-0621-9265-X,b'55e3b5294ac0af0247028820a38497448ae0badf2f3b6573d7f0148a97ca1882',2d9b6ae307b5ef8a05c2048dc88db761bba5301fdf384dcfb3c60491e1771dd6
affectionate_panini@test,Affectionate Panini,affectionate_panini@email.com,Universitas Pendidikan Indonesia,3490-1822-2752-X,b'7b80b2c6575a99347f80dd0f402c7f70bd42e4cfab79bcf418fe3a2b6b6b270b',f2238d602c90b46e3837eac2fe9a72335a6032edd327976c23b09d521aebe9a8
priceless_hofstadter@test,Priceless Hofstadter,priceless_hofstadter@email.com,"British Institute in Paris, University of London",0204-8970-1474-X,b'ecf9a68e42a9ffbf9c888a1ad9e9c9ca67e9f91e4ee4ccd3a6fbe5c383487fc1',200ab89239f0c69629d8925b92376a32bdea8889a9e2bc77953f4fbd3d5f0329
tender_banach@test,Tender Banach,tender_banach@email.com,Nagpur University,4021-5462-3847-X,b'190ef28128a7bc587c5384c7667dca029199cbe40e7328d12ffce0e327f7669e',600d9948cbbb90e311587196f1f8ca142a06bda8b9484fda92905eb3f382f518
youthful_rhodes@test,Youthful Rhodes,youthful_rhodes@email.com,Emory & Henry College,8823-0685-3270-X,b'da081bcc1a8c0afa383210a4bc6f4a39eaf455a3bb4dcce9fbf3122cb9fb166e',0ea9073ef76acb2eeecad145030315fc89d2e68e84ecc2c725c5c1762d82bd13
lucid_austin@test,Lucid Austin,lucid_austin@email.com,East-West University,4865-1589-9896-X,b'2bb4c4ef76474371952cb2721859dd2032e55dcee1185875501fe7998bccfde7',125c4a37a656024086191c85e81a52e5cdef98d1fda449329082df75f778c5e5
elegant_montalcini@test,Elegant Montalcini,elegant_montalcini@email.com,FAE Business School - Faculdade de Administração e Economia,8354-4018-5333-X,b'63928ab293f9e955e1b18f4c63e758ee0d55697043d02e77f07abb0ea5775636',0658d3a6e064c1e5c2e7a43f8e675e7124aaf7e6e5c9c15248ed427e42417abe
adoring_darwin@test,Adoring Darwin,adoring_darwin@email.com,Antioch University Santa Barbara,6404-4267-5324-X,b'bfa3cfd6fcbc07d328b8705c5496ea3f5ef59a9f56853f5e275f7b2c41860b0b',484705b4d20c798c189ab06a8db634d2314204f552fefad07d7f58443534e9e2
competent_montalcini@test,Competent Montalcini,competent_montalcini@email.com,Sapporo Gakuin University,4053-7496-9421-X,b'16b30ea9c76a69f98a036a22e91a5b87c851a8e836d18d406d457f131c7ccd0c',9a7d432cd0632bd380a444365ea3d4558d48c26974af360606c5b993bc0b4e93
eager_noether@test,Eager Noether,eager_noether@email.com,Postgraduate Institute of Pali & Buddhist Studies (University of Kelaniya),1649-2556-2343-X,b'f44263da2d75076c72bbcb838c783583771ec0f7d395a15e505aa0d2c040626e',1efc61d29c3876d65b022ee4c1f4a806da3e9ea06dee1d2372692c9d8df5537e
sweet_mcclintock@test,Sweet Mcclintock,sweet_mcclintock@email.com,Tehran University of Medical Sciences,0798-9960-8147-X,b'89ef683d6520c4b7322faacad827b55ec4e5385407d7406155fe01e0e045a4d3',39c95014ac061d54092afb7a59d43b3c1ec413edb9287709f9ec153817606b43
frosty_ptolemy@test,Frosty Ptolemy,frosty_ptolemy@email.com,Université Claude Bernard (Lyon I),7213-8199-7207-X,b'55183a7ea1acacda947f8a91178ca0d9dc2becdfba73fcc17c3caac611449a99',153262b8db7fb14a36982af80b8d56c669268b0b51ee57faa701b2e6b677cdfb
